{
	"id": 166,
	"s_id": "bik_166",
	"address": 0,
	"kontr_group_id": 8,
	"device_type": {
		"device_family": "bik",
		"device_type_id": 71,
		"device_type_name": "AKB_12/485"
	},
	"object": {
		"object_name": "AB_001 - 040",
		"object_id": 5,
		"lat": null,
		"lng": null,
		"marker_type": null
	},
	"enabled": true,
	"state": 0,
	"name": "AKB12/485",
	"control_aliases": [],
	"signals": [
		{
			"id": 9250,
			"name": "napragenie pitania",
			"enabled": true,
			"state": 0,
			"num": 3,
			"signal_type": 3,
			"treshold_control": {
				"enabled": true,
				"max_val": 14.199999809265137,
				"min_val": 11.100000381469727
			},
			"value": 12.07,
			"unit_name": "В"
		},
		{
			"id": 9251,
			"name": "temperatura modula AKB",
			"enabled": true,
			"state": 9,
			"num": 5,
			"signal_type": 4,
			"treshold_control": {
				"enabled": true,
				"max_val": 30.0,
				"min_val": 15.0
			},
			"value": {{temp}},
			"unit_name": "C"
		},
		{
			"id": 9252,
			"name": "Modul МКА4+ 01 avaria svazi",
			"enabled": true,
			"state": 0,
			"num": 6,
			"signal_type": 1
		},
		{
			"id": 9253,
			"name": "Modul МКА4+ 02 avaria svazi",
			"enabled": true,
			"state": 0,
			"num": 7,
			"signal_type": 1
		},
		{
			"id": 9254,
			"name": "Modul МКА4+ 03 avaria svazi",
			"enabled": true,
			"state": 1,
			"num": 8,
			"signal_type": 1
		},
		{
			"id": 9255,
			"name": "Modul МКА4+ 04 avaria svazi",
			"enabled": false,
			"state": 1,
			"num": 9,
			"signal_type": 1
		},
		{
			"id": 9256,
			"name": "Modul МКА4+ 05 avaria svazi",
			"enabled": false,
			"state": 1,
			"num": 10,
			"signal_type": 1
		},
		{
			"id": 9257,
			"name": "Modul МКА4+ 06 avaria svazi",
			"enabled": false,
			"state": 1,
			"num": 11,
			"signal_type": 1
		},
		{
			"id": 9258,
			"name": "Modul МКА4+ 07 avaria svazi",
			"enabled": false,
			"state": 1,
			"num": 12,
			"signal_type": 1
		},
		{
			"id": 9259,
			"name": "Modul МКА4+ 08 avaria svazi",
			"enabled": false,
			"state": 1,
			"num": 13,
			"signal_type": 1
		},
		{
			"id": 9260,
			"name": "Modul МКА4+ 09 avaria svazi",
			"enabled": false,
			"state": 1,
			"num": 14,
			"signal_type": 1
		},
		{
			"id": 9261,
			"name": "Modul МКА4+ 10 avaria svazi",
			"enabled": false,
			"state": 1,
			"num": 15,
			"signal_type": 1
		},
		{
			"id": 9262,
			"name": "Количество подключеных модулей",
			"enabled": true,
			"state": 0,
			"num": 16,
			"signal_type": 13,
			"value": 2.0
		},
		{
			"id": 9263,
			"name": "privazka modula 01 k gruppe",
			"enabled": true,
			"state": 0,
			"num": 17,
			"signal_type": 13,
			"value": 1.0
		},
		{
			"id": 9264,
			"name": "privazka modula 02 k gruppe",
			"enabled": true,
			"state": 0,
			"num": 18,
			"signal_type": 13,
			"value": 2.0
		},
		{
			"id": 9265,
			"name": "privazka modula 03 k gruppe",
			"enabled": true,
			"state": 0,
			"num": 19,
			"signal_type": 13,
			"value": 3.0
		},
		{
			"id": 9266,
			"name": "privazka modula 04 k gruppe",
			"enabled": false,
			"state": 0,
			"num": 20,
			"signal_type": 13,
			"value": 1.0
		},
		{
			"id": 9267,
			"name": "privazka modula 05 k gruppe",
			"enabled": false,
			"state": 0,
			"num": 21,
			"signal_type": 13,
			"value": 1.0
		},
		{
			"id": 9268,
			"name": "privazka modula 06 k gruppe",
			"enabled": false,
			"state": 0,
			"num": 22,
			"signal_type": 13,
			"value": 2.0
		},
		{
			"id": 9269,
			"name": "privazka modula 07 k gruppe",
			"enabled": false,
			"state": 0,
			"num": 23,
			"signal_type": 13,
			"value": 2.0
		},
		{
			"id": 9270,
			"name": "privazka modula 08 k gruppe",
			"enabled": false,
			"state": 0,
			"num": 24,
			"signal_type": 13,
			"value": 2.0
		},
		{
			"id": 9271,
			"name": "privazka modula 09 k gruppe",
			"enabled": false,
			"state": 0,
			"num": 25,
			"signal_type": 13,
			"value": 2.0
		},
		{
			"id": 9272,
			"name": "privazka modula 10 k gruppe",
			"enabled": false,
			"state": 0,
			"num": 26,
			"signal_type": 13,
			"value": 2.0
		},
		{
			"id": 9273,
			"name": "Tip podkluchennogo modula 01",
			"enabled": true,
			"state": 0,
			"num": 27,
			"signal_type": 13,
			"value": 4.0
		},
		{
			"id": 9274,
			"name": "Tip podkluchennogo modula 02",
			"enabled": true,
			"state": 0,
			"num": 28,
			"signal_type": 13,
			"value": 4.0
		},
		{
			"id": 9275,
			"name": "Tip podkluchennogo modula 03",
			"enabled": true,
			"state": 0,
			"num": 29,
			"signal_type": 13,
			"value": 255.0
		},
		{
			"id": 9276,
			"name": "Tip podkluchennogo modula 04",
			"enabled": false,
			"state": 0,
			"num": 30,
			"signal_type": 13,
			"value": 0.0
		},
		{
			"id": 9277,
			"name": "Tip podkluchennogo modula 05",
			"enabled": false,
			"state": 0,
			"num": 31,
			"signal_type": 13,
			"value": 0.0
		},
		{
			"id": 9278,
			"name": "Tip podkluchennogo modula 06",
			"enabled": false,
			"state": 0,
			"num": 32,
			"signal_type": 13,
			"value": 0.0
		},
		{
			"id": 9279,
			"name": "Tip podkluchennogo modula 07",
			"enabled": false,
			"state": 0,
			"num": 33,
			"signal_type": 13,
			"value": 0.0
		},
		{
			"id": 9280,
			"name": "Tip podkluchennogo modula 08",
			"enabled": false,
			"state": 0,
			"num": 34,
			"signal_type": 13,
			"value": 0.0
		},
		{
			"id": 9281,
			"name": "Tip podkluchennogo modula 09",
			"enabled": false,
			"state": 0,
			"num": 35,
			"signal_type": 13,
			"value": 0.0
		},
		{
			"id": 9282,
			"name": "Tip podkluchennogo modula 10",
			"enabled": false,
			"state": 0,
			"num": 36,
			"signal_type": 13,
			"value": 4.0
		},
		{
			"id": 9283,
			"name": "1-1",
			"enabled": true,
			"state": 0,
			"num": 37,
			"signal_type": 3,
			"treshold_control": {
				"enabled": true,
				"max_val": 14.399999618530273,
				"min_val": 12.0
			},
			"value": {{voltage_1}},
			"unit_name": "В"
		},
		{
			"id": 9284,
			"name": "2-1",
			"enabled": true,
			"state": 0,
			"num": 38,
			"signal_type": 3,
			"treshold_control": {
				"enabled": true,
				"max_val": 14.399999618530273,
				"min_val": 12.0
			},
			"value": {{voltage_2}},
			"unit_name": "В"
		},
		{
			"id": 9285,
			"name": "Modul 01 napragenie 03",
			"enabled": false,
			"state": 3,
			"num": 39,
			"signal_type": 3,
			"treshold_control": {
				"enabled": true,
				"max_val": 13.899999618530273,
				"min_val": 10.800000190734863
			},
			"value": 13.27,
			"unit_name": "В"
		},
		{
			"id": 9286,
			"name": "Modul 01 napragenie 04",
			"enabled": false,
			"state": 3,
			"num": 40,
			"signal_type": 3,
			"treshold_control": {
				"enabled": true,
				"max_val": 0.0,
				"min_val": 0.10000000149011612
			},
			"value": 13.09,
			"unit_name": "В"
		},
		{
			"id": 9287,
			"name": "Modul 01 napragenie 05",
			"enabled": false,
			"state": 3,
			"num": 41,
			"signal_type": 3,
			"treshold_control": {
				"enabled": true,
				"max_val": 13.0,
				"min_val": 1.5
			},
			"value": 4.13,
			"unit_name": "В"
		},
		{
			"id": 9288,
			"name": "Modul 01 temperatura 01 ",
			"enabled": true,
			"state": 0,
			"num": 42,
			"signal_type": 4,
			"treshold_control": {
				"enabled": true,
				"max_val": 32.0,
				"min_val": 14.300000190734863
			},
			"value": {{temp_1}},
			"unit_name": "С"
		},
		{
			"id": 9289,
			"name": "Modul 01 temperatura 02 ",
			"enabled": true,
			"state": 0,
			"num": 43,
			"signal_type": 4,
			"treshold_control": {
				"enabled": true,
				"max_val": 32.0,
				"min_val": 14.300000190734863
			},
			"value": {{temp_2}},
			"unit_name": "С"
		},
		{
			"id": 9290,
			"name": "Modul 01 temperatura 03 ",
			"enabled": true,
			"state": 3,
			"num": 44,
			"signal_type": 4,
			"treshold_control": {
				"enabled": true,
				"max_val": 32.0,
				"min_val": 14.300000190734863
			},
			"value": 0.0,
			"unit_name": "С"
		},
		{
			"id": 9291,
			"name": "Modul 01 temperatura 04 ",
			"enabled": false,
			"state": 3,
			"num": 45,
			"signal_type": 4,
			"treshold_control": {
				"enabled": true,
				"max_val": 29.0,
				"min_val": 16.0
			},
			"value": 23.7,
			"unit_name": "С"
		},
		{
			"id": 9292,
			"name": "Modul 01 temperatura 05 ",
			"enabled": false,
			"state": 0,
			"num": 46,
			"signal_type": 4,
			"treshold_control": {
				"enabled": true,
				"max_val": 29.0,
				"min_val": 16.0
			},
			"value": 23.7,
			"unit_name": "С"
		},
		{
			"id": 9293,
			"name": "Modul 01 tok",
			"enabled": true,
			"state": 0,
			"num": 47,
			"signal_type": 10,
			"treshold_control": {
				"enabled": true,
				"max_val": 0.8299999833106995,
				"min_val": -0.9300000071525574
			},
			"value": {{tok}},
			"unit_name": "А"
		},
		{
			"id": 9294,
			"name": "1-2",
			"enabled": true,
			"state": 0,
			"num": 48,
			"signal_type": 3,
			"treshold_control": {
				"enabled": true,
				"max_val": 14.399999618530273,
				"min_val": 12.0
			},
			"value": 13.55,
			"unit_name": "В"
		},
		{
			"id": 9295,
			"name": "2-2",
			"enabled": true,
			"state": 0,
			"num": 49,
			"signal_type": 3,
			"treshold_control": {
				"enabled": true,
				"max_val": 14.399999618530273,
				"min_val": 12.0
			},
			"value": 13.5,
			"unit_name": "В"
		},
		{
			"id": 9296,
			"name": "3-2",
			"enabled": true,
			"state": 0,
			"num": 50,
			"signal_type": 3,
			"treshold_control": {
				"enabled": true,
				"max_val": 14.399999618530273,
				"min_val": 12.0
			},
			"value": 13.6,
			"unit_name": "В"
		},
		{
			"id": 9297,
			"name": "Modul 02 napragenie 04",
			"enabled": false,
			"state": 9,
			"num": 51,
			"signal_type": 3,
			"treshold_control": {
				"enabled": true,
				"max_val": 13.0,
				"min_val": 1.5
			},
			"value": 13.35,
			"unit_name": "В"
		},
		{
			"id": 9298,
			"name": "Modul 02 napragenie 05",
			"enabled": false,
			"state": 8,
			"num": 52,
			"signal_type": 3,
			"treshold_control": {
				"enabled": true,
				"max_val": 13.0,
				"min_val": 1.5
			},
			"value": 0.34,
			"unit_name": "В"
		},
		{
			"id": 9299,
			"name": "Modul 02 temperatura 01 ",
			"enabled": true,
			"state": 9,
			"num": 53,
			"signal_type": 4,
			"treshold_control": {
				"enabled": true,
				"max_val": 29.0,
				"min_val": 16.0
			},
			"value": 31.4,
			"unit_name": "С"
		},
		{
			"id": 9300,
			"name": "Modul 02 temperatura 02 ",
			"enabled": true,
			"state": 9,
			"num": 54,
			"signal_type": 4,
			"treshold_control": {
				"enabled": true,
				"max_val": 29.0,
				"min_val": 16.0
			},
			"value": 31.2,
			"unit_name": "С"
		},
		{
			"id": 9301,
			"name": "Modul 02 temperatura 03 ",
			"enabled": true,
			"state": 9,
			"num": 55,
			"signal_type": 4,
			"treshold_control": {
				"enabled": true,
				"max_val": 29.0,
				"min_val": 16.0
			},
			"value": 30.9,
			"unit_name": "С"
		},
		{
			"id": 9302,
			"name": "Modul 02 temperatura 04 ",
			"enabled": false,
			"state": 3,
			"num": 56,
			"signal_type": 4,
			"treshold_control": {
				"enabled": true,
				"max_val": 29.0,
				"min_val": 16.0
			},
			"value": 24.4,
			"unit_name": "С"
		},
		{
			"id": 9303,
			"name": "Modul 02 temperatura 05 ",
			"enabled": false,
			"state": 0,
			"num": 57,
			"signal_type": 4,
			"treshold_control": {
				"enabled": true,
				"max_val": 29.0,
				"min_val": 16.0
			},
			"value": 25.5,
			"unit_name": "С"
		},
		{
			"id": 9304,
			"name": "Modul 02 tok",
			"enabled": true,
			"state": 0,
			"num": 58,
			"signal_type": 10,
			"treshold_control": {
				"enabled": true,
				"max_val": 0.8299999833106995,
				"min_val": -0.9300000071525574
			},
			"value": 0.013000000193715095,
			"unit_name": "А"
		},
		{
			"id": 9305,
			"name": "Modul 03 napragenie 01",
			"enabled": false,
			"state": 9,
			"num": 59,
			"signal_type": 3,
			"treshold_control": {
				"enabled": true,
				"max_val": 13.0,
				"min_val": 1.5
			},
			"value": 180.34,
			"unit_name": "В"
		},
		{
			"id": 9306,
			"name": "Modul 03 napragenie 02",
			"enabled": false,
			"state": 9,
			"num": 60,
			"signal_type": 3,
			"treshold_control": {
				"enabled": true,
				"max_val": 14.899999618530273,
				"min_val": 10.5
			},
			"value": 540.08,
			"unit_name": "В"
		},
		{
			"id": 9307,
			"name": "Modul 03 napragenie 03",
			"enabled": false,
			"state": 9,
			"num": 61,
			"signal_type": 3,
			"treshold_control": {
				"enabled": true,
				"max_val": 14.899999618530273,
				"min_val": 10.5
			},
			"value": 29.04,
			"unit_name": "В"
		},
		{
			"id": 9308,
			"name": "Modul 03 napragenie 04",
			"enabled": false,
			"state": 9,
			"num": 62,
			"signal_type": 3,
			"treshold_control": {
				"enabled": true,
				"max_val": 14.899999618530273,
				"min_val": 10.5
			},
			"value": 13.48,
			"unit_name": "В"
		},
		{
			"id": 9309,
			"name": "Modul 03 napragenie 05",
			"enabled": false,
			"state": 8,
			"num": 63,
			"signal_type": 3,
			"treshold_control": {
				"enabled": true,
				"max_val": 13.0,
				"min_val": 1.5
			},
			"value": 0.51,
			"unit_name": "В"
		},
		{
			"id": 9310,
			"name": "Modul 03 temperatura 01 ",
			"enabled": false,
			"state": 8,
			"num": 64,
			"signal_type": 4,
			"treshold_control": {
				"enabled": true,
				"max_val": 29.0,
				"min_val": 16.0
			},
			"value": -2875.1,
			"unit_name": "С"
		},
		{
			"id": 9311,
			"name": "Modul 03 temperatura 02 ",
			"enabled": false,
			"state": 8,
			"num": 65,
			"signal_type": 4,
			"treshold_control": {
				"enabled": true,
				"max_val": 29.0,
				"min_val": 16.0
			},
			"value": -3054.8,
			"unit_name": "С"
		},
		{
			"id": 9312,
			"name": "Modul 03 temperatura 03 ",
			"enabled": false,
			"state": 8,
			"num": 66,
			"signal_type": 4,
			"treshold_control": {
				"enabled": true,
				"max_val": 29.0,
				"min_val": 16.0
			},
			"value": -2531.8,
			"unit_name": "С"
		},
		{
			"id": 9313,
			"name": "Modul 03 temperatura 04 ",
			"enabled": false,
			"state": 0,
			"num": 67,
			"signal_type": 4,
			"treshold_control": {
				"enabled": true,
				"max_val": 29.0,
				"min_val": 16.0
			},
			"value": 25.9,
			"unit_name": "С"
		},
		{
			"id": 9314,
			"name": "Modul 03 temperatura 05 ",
			"enabled": false,
			"state": 0,
			"num": 68,
			"signal_type": 4,
			"treshold_control": {
				"enabled": true,
				"max_val": 29.0,
				"min_val": 16.0
			},
			"value": 26.4,
			"unit_name": "С"
		},
		{
			"id": 9315,
			"name": "Modul 03 tok",
			"enabled": true,
			"state": 9,
			"num": 69,
			"signal_type": 10,
			"treshold_control": {
				"enabled": true,
				"max_val": 0.0,
				"min_val": 0.0
			},
			"value": 0.049000000730156895,
			"unit_name": "А"
		},
		{
			"id": 9316,
			"name": "Modul 04 napragenie 01",
			"enabled": false,
			"state": 3,
			"num": 70,
			"signal_type": 3,
			"treshold_control": {
				"enabled": true,
				"max_val": 13.0,
				"min_val": 1.5
			},
			"value": 13.21,
			"unit_name": "В"
		},
		{
			"id": 9317,
			"name": "Modul 04 napragenie 02",
			"enabled": false,
			"state": 3,
			"num": 71,
			"signal_type": 3,
			"treshold_control": {
				"enabled": true,
				"max_val": 13.0,
				"min_val": 1.5
			},
			"value": 13.37,
			"unit_name": "В"
		},
		{
			"id": 9318,
			"name": "Modul 04 napragenie 03",
			"enabled": false,
			"state": 8,
			"num": 72,
			"signal_type": 3,
			"treshold_control": {
				"enabled": true,
				"max_val": 13.0,
				"min_val": 1.5
			},
			"value": 0.36,
			"unit_name": "В"
		},
		{
			"id": 9319,
			"name": "Modul 04 napragenie 04",
			"enabled": false,
			"state": 9,
			"num": 73,
			"signal_type": 3,
			"treshold_control": {
				"enabled": true,
				"max_val": 13.0,
				"min_val": 1.5
			},
			"value": 13.61,
			"unit_name": "В"
		},
		{
			"id": 9320,
			"name": "Modul 04 napragenie 05",
			"enabled": false,
			"state": 8,
			"num": 74,
			"signal_type": 3,
			"treshold_control": {
				"enabled": true,
				"max_val": 13.0,
				"min_val": 1.5
			},
			"value": 0.68,
			"unit_name": "В"
		},
		{
			"id": 9321,
			"name": "Modul 04 temperatura 01 ",
			"enabled": false,
			"state": 3,
			"num": 75,
			"signal_type": 4,
			"treshold_control": {
				"enabled": true,
				"max_val": 29.0,
				"min_val": 16.0
			},
			"value": 0.2,
			"unit_name": "С"
		},
		{
			"id": 9322,
			"name": "Modul 04 temperatura 02 ",
			"enabled": false,
			"state": 3,
			"num": 76,
			"signal_type": 4,
			"treshold_control": {
				"enabled": true,
				"max_val": 29.0,
				"min_val": 16.0
			},
			"value": 25.5,
			"unit_name": "С"
		},
		{
			"id": 9323,
			"name": "Modul 04 temperatura 03 ",
			"enabled": false,
			"state": 3,
			"num": 77,
			"signal_type": 4,
			"treshold_control": {
				"enabled": true,
				"max_val": 29.0,
				"min_val": 16.0
			},
			"value": 25.9,
			"unit_name": "С"
		},
		{
			"id": 9324,
			"name": "Modul 04 temperatura 04 ",
			"enabled": false,
			"state": 0,
			"num": 78,
			"signal_type": 4,
			"treshold_control": {
				"enabled": true,
				"max_val": 29.0,
				"min_val": 16.0
			},
			"value": 26.5,
			"unit_name": "С"
		},
		{
			"id": 9325,
			"name": "Modul 04 temperatura 05 ",
			"enabled": false,
			"state": 0,
			"num": 79,
			"signal_type": 4,
			"treshold_control": {
				"enabled": true,
				"max_val": 29.0,
				"min_val": 16.0
			},
			"value": 27.3,
			"unit_name": "С"
		},
		{
			"id": 9326,
			"name": "Modul 04 tok",
			"enabled": false,
			"state": 0,
			"num": 80,
			"signal_type": 10,
			"treshold_control": {
				"enabled": true,
				"max_val": 0.0,
				"min_val": 0.0
			},
			"value": null,
			"unit_name": "А"
		},
		{
			"id": 9327,
			"name": "Modul 05 napragenie 01",
			"enabled": false,
			"state": 3,
			"num": 81,
			"signal_type": 3,
			"treshold_control": {
				"enabled": true,
				"max_val": 13.0,
				"min_val": 1.5
			},
			"value": 13.22,
			"unit_name": "В"
		},
		{
			"id": 9328,
			"name": "Modul 05 napragenie 02",
			"enabled": false,
			"state": 3,
			"num": 82,
			"signal_type": 3,
			"treshold_control": {
				"enabled": true,
				"max_val": 13.0,
				"min_val": 1.5
			},
			"value": 13.42,
			"unit_name": "В"
		},
		{
			"id": 9329,
			"name": "Modul 05 napragenie 03",
			"enabled": false,
			"state": 8,
			"num": 83,
			"signal_type": 3,
			"treshold_control": {
				"enabled": true,
				"max_val": 13.0,
				"min_val": 1.5
			},
			"value": 0.45,
			"unit_name": "В"
		},
		{
			"id": 9330,
			"name": "Modul 05 napragenie 04",
			"enabled": false,
			"state": 9,
			"num": 84,
			"signal_type": 3,
			"treshold_control": {
				"enabled": true,
				"max_val": 13.0,
				"min_val": 1.5
			},
			"value": 13.74,
			"unit_name": "В"
		},
		{
			"id": 9331,
			"name": "Modul 05 napragenie 05",
			"enabled": false,
			"state": 8,
			"num": 85,
			"signal_type": 3,
			"treshold_control": {
				"enabled": true,
				"max_val": 13.0,
				"min_val": 1.5
			},
			"value": 0.85,
			"unit_name": "В"
		},
		{
			"id": 9332,
			"name": "Modul 05 temperatura 01 ",
			"enabled": false,
			"state": 3,
			"num": 86,
			"signal_type": 4,
			"treshold_control": {
				"enabled": true,
				"max_val": 29.0,
				"min_val": 16.0
			},
			"value": 0.4,
			"unit_name": "С"
		},
		{
			"id": 9333,
			"name": "Modul 05 temperatura 02 ",
			"enabled": false,
			"state": 3,
			"num": 87,
			"signal_type": 4,
			"treshold_control": {
				"enabled": true,
				"max_val": 29.0,
				"min_val": 16.0
			},
			"value": 25.8,
			"unit_name": "С"
		},
		{
			"id": 9334,
			"name": "Modul 05 temperatura 03 ",
			"enabled": false,
			"state": 3,
			"num": 88,
			"signal_type": 4,
			"treshold_control": {
				"enabled": true,
				"max_val": 29.0,
				"min_val": 16.0
			},
			"value": 26.4,
			"unit_name": "С"
		},
		{
			"id": 9335,
			"name": "Modul 05 temperatura 04 ",
			"enabled": false,
			"state": 0,
			"num": 89,
			"signal_type": 4,
			"treshold_control": {
				"enabled": true,
				"max_val": 29.0,
				"min_val": 16.0
			},
			"value": 27.2,
			"unit_name": "С"
		},
		{
			"id": 9336,
			"name": "Modul 05 temperatura 05 ",
			"enabled": false,
			"state": 0,
			"num": 90,
			"signal_type": 4,
			"treshold_control": {
				"enabled": true,
				"max_val": 29.0,
				"min_val": 16.0
			},
			"value": 28.2,
			"unit_name": "С"
		},
		{
			"id": 9337,
			"name": "Modul 05 tok",
			"enabled": false,
			"state": 0,
			"num": 91,
			"signal_type": 10,
			"treshold_control": {
				"enabled": true,
				"max_val": 0.0,
				"min_val": 0.0
			},
			"value": null,
			"unit_name": "А"
		},
		{
			"id": 9338,
			"name": "Modul 06 napragenie 01",
			"enabled": false,
			"state": 3,
			"num": 92,
			"signal_type": 3,
			"treshold_control": {
				"enabled": true,
				"max_val": 13.0,
				"min_val": 1.5
			},
			"value": 13.24,
			"unit_name": "В"
		},
		{
			"id": 9339,
			"name": "Modul 06 napragenie 02",
			"enabled": false,
			"state": 3,
			"num": 93,
			"signal_type": 3,
			"treshold_control": {
				"enabled": true,
				"max_val": 13.0,
				"min_val": 1.5
			},
			"value": 13.47,
			"unit_name": "В"
		},
		{
			"id": 9340,
			"name": "Modul 06 napragenie 03",
			"enabled": false,
			"state": 8,
			"num": 94,
			"signal_type": 3,
			"treshold_control": {
				"enabled": true,
				"max_val": 13.0,
				"min_val": 1.5
			},
			"value": 0.54,
			"unit_name": "В"
		},
		{
			"id": 9341,
			"name": "Modul 06 napragenie 04",
			"enabled": false,
			"state": 9,
			"num": 95,
			"signal_type": 3,
			"treshold_control": {
				"enabled": true,
				"max_val": 13.0,
				"min_val": 1.5
			},
			"value": 13.87,
			"unit_name": "В"
		},
		{
			"id": 9342,
			"name": "Modul 06 napragenie 05",
			"enabled": false,
			"state": 8,
			"num": 96,
			"signal_type": 3,
			"treshold_control": {
				"enabled": true,
				"max_val": 13.0,
				"min_val": 1.5
			},
			"value": 1.02,
			"unit_name": "В"
		},
		{
			"id": 9343,
			"name": "Modul 06 temperatura 01 ",
			"enabled": false,
			"state": 3,
			"num": 97,
			"signal_type": 4,
			"treshold_control": {
				"enabled": true,
				"max_val": 29.0,
				"min_val": 16.0
			},
			"value": 25.0,
			"unit_name": "С"
		},
		{
			"id": 9344,
			"name": "Modul 06 temperatura 02 ",
			"enabled": false,
			"state": 3,
			"num": 98,
			"signal_type": 4,
			"treshold_control": {
				"enabled": true,
				"max_val": 29.0,
				"min_val": 16.0
			},
			"value": 26.1,
			"unit_name": "С"
		},
		{
			"id": 9345,
			"name": "Modul 06 temperatura 03 ",
			"enabled": false,
			"state": 3,
			"num": 99,
			"signal_type": 4,
			"treshold_control": {
				"enabled": true,
				"max_val": 29.0,
				"min_val": 16.0
			},
			"value": 26.8,
			"unit_name": "С"
		},
		{
			"id": 9346,
			"name": "Modul 06 temperatura 04 ",
			"enabled": false,
			"state": 0,
			"num": 100,
			"signal_type": 4,
			"treshold_control": {
				"enabled": true,
				"max_val": 29.0,
				"min_val": 16.0
			},
			"value": 27.9,
			"unit_name": "С"
		},
		{
			"id": 9347,
			"name": "Modul 06 temperatura 05 ",
			"enabled": false,
			"state": 9,
			"num": 101,
			"signal_type": 4,
			"treshold_control": {
				"enabled": true,
				"max_val": 29.0,
				"min_val": 16.0
			},
			"value": 29.1,
			"unit_name": "С"
		},
		{
			"id": 9348,
			"name": "Modul 06 tok",
			"enabled": false,
			"state": 0,
			"num": 102,
			"signal_type": 10,
			"treshold_control": {
				"enabled": true,
				"max_val": 0.0,
				"min_val": 0.0
			},
			"value": null,
			"unit_name": "А"
		},
		{
			"id": 9349,
			"name": "Modul 07 napragenie 01",
			"enabled": false,
			"state": 3,
			"num": 103,
			"signal_type": 3,
			"treshold_control": {
				"enabled": true,
				"max_val": 13.0,
				"min_val": 1.5
			},
			"value": 13.24,
			"unit_name": "В"
		},
		{
			"id": 9350,
			"name": "Modul 07 napragenie 02",
			"enabled": false,
			"state": 8,
			"num": 104,
			"signal_type": 3,
			"treshold_control": {
				"enabled": true,
				"max_val": 13.0,
				"min_val": 1.5
			},
			"value": 0.35,
			"unit_name": "В"
		},
		{
			"id": 9351,
			"name": "Modul 07 napragenie 03",
			"enabled": false,
			"state": 8,
			"num": 105,
			"signal_type": 3,
			"treshold_control": {
				"enabled": true,
				"max_val": 13.0,
				"min_val": 1.5
			},
			"value": 0.63,
			"unit_name": "В"
		},
		{
			"id": 9352,
			"name": "Modul 07 napragenie 04",
			"enabled": false,
			"state": 9,
			"num": 106,
			"signal_type": 3,
			"treshold_control": {
				"enabled": true,
				"max_val": 13.0,
				"min_val": 1.5
			},
			"value": 14.0,
			"unit_name": "В"
		},
		{
			"id": 9353,
			"name": "Modul 07 napragenie 05",
			"enabled": false,
			"state": 8,
			"num": 107,
			"signal_type": 3,
			"treshold_control": {
				"enabled": true,
				"max_val": 13.0,
				"min_val": 1.5
			},
			"value": 1.19,
			"unit_name": "В"
		},
		{
			"id": 9354,
			"name": "Modul 07 temperatura 01 ",
			"enabled": false,
			"state": 3,
			"num": 108,
			"signal_type": 4,
			"treshold_control": {
				"enabled": true,
				"max_val": 29.0,
				"min_val": 16.0
			},
			"value": 0.6,
			"unit_name": "С"
		},
		{
			"id": 9355,
			"name": "Modul 07 temperatura 02 ",
			"enabled": false,
			"state": 3,
			"num": 109,
			"signal_type": 4,
			"treshold_control": {
				"enabled": true,
				"max_val": 29.0,
				"min_val": 16.0
			},
			"value": 26.4,
			"unit_name": "С"
		},
		{
			"id": 9356,
			"name": "Modul 07 temperatura 03 ",
			"enabled": false,
			"state": 3,
			"num": 110,
			"signal_type": 4,
			"treshold_control": {
				"enabled": true,
				"max_val": 29.0,
				"min_val": 16.0
			},
			"value": 27.4,
			"unit_name": "С"
		},
		{
			"id": 9357,
			"name": "Modul 07 temperatura 04 ",
			"enabled": false,
			"state": 0,
			"num": 111,
			"signal_type": 4,
			"treshold_control": {
				"enabled": true,
				"max_val": 29.0,
				"min_val": 16.0
			},
			"value": 28.6,
			"unit_name": "С"
		},
		{
			"id": 9358,
			"name": "Modul 07 temperatura 05 ",
			"enabled": false,
			"state": 9,
			"num": 112,
			"signal_type": 4,
			"treshold_control": {
				"enabled": true,
				"max_val": 29.0,
				"min_val": 16.0
			},
			"value": 30.0,
			"unit_name": "С"
		},
		{
			"id": 9359,
			"name": "Modul 07 tok",
			"enabled": false,
			"state": 0,
			"num": 113,
			"signal_type": 10,
			"treshold_control": {
				"enabled": true,
				"max_val": 0.0,
				"min_val": 0.0
			},
			"value": null,
			"unit_name": "А"
		},
		{
			"id": 9360,
			"name": "Modul 08 napragenie 01",
			"enabled": false,
			"state": 3,
			"num": 114,
			"signal_type": 3,
			"treshold_control": {
				"enabled": true,
				"max_val": 13.0,
				"min_val": 1.5
			},
			"value": 13.25,
			"unit_name": "В"
		},
		{
			"id": 9361,
			"name": "Modul 08 napragenie 02",
			"enabled": false,
			"state": 8,
			"num": 115,
			"signal_type": 3,
			"treshold_control": {
				"enabled": true,
				"max_val": 13.0,
				"min_val": 1.5
			},
			"value": 0.4,
			"unit_name": "В"
		},
		{
			"id": 9362,
			"name": "Modul 08 napragenie 03",
			"enabled": false,
			"state": 8,
			"num": 116,
			"signal_type": 3,
			"treshold_control": {
				"enabled": true,
				"max_val": 13.0,
				"min_val": 1.5
			},
			"value": 0.72,
			"unit_name": "В"
		},
		{
			"id": 9363,
			"name": "Modul 08 napragenie 04",
			"enabled": false,
			"state": 9,
			"num": 117,
			"signal_type": 3,
			"treshold_control": {
				"enabled": true,
				"max_val": 13.0,
				"min_val": 1.5
			},
			"value": 14.13,
			"unit_name": "В"
		},
		{
			"id": 9364,
			"name": "Modul 08 napragenie 05",
			"enabled": false,
			"state": 8,
			"num": 118,
			"signal_type": 3,
			"treshold_control": {
				"enabled": true,
				"max_val": 13.0,
				"min_val": 1.5
			},
			"value": 1.36,
			"unit_name": "В"
		},
		{
			"id": 9365,
			"name": "Modul 08 temperatura 01 ",
			"enabled": false,
			"state": 3,
			"num": 119,
			"signal_type": 4,
			"treshold_control": {
				"enabled": true,
				"max_val": 29.0,
				"min_val": 16.0
			},
			"value": 0.6,
			"unit_name": "С"
		},
		{
			"id": 9366,
			"name": "Modul 08 temperatura 02 ",
			"enabled": false,
			"state": 3,
			"num": 120,
			"signal_type": 4,
			"treshold_control": {
				"enabled": true,
				"max_val": 29.0,
				"min_val": 16.0
			},
			"value": 26.7,
			"unit_name": "С"
		},
		{
			"id": 9367,
			"name": "Modul 08 temperatura 03 ",
			"enabled": false,
			"state": 3,
			"num": 121,
			"signal_type": 4,
			"treshold_control": {
				"enabled": true,
				"max_val": 29.0,
				"min_val": 16.0
			},
			"value": 27.9,
			"unit_name": "С"
		},
		{
			"id": 9368,
			"name": "Modul 08 temperatura 04 ",
			"enabled": false,
			"state": 9,
			"num": 122,
			"signal_type": 4,
			"treshold_control": {
				"enabled": true,
				"max_val": 29.0,
				"min_val": 16.0
			},
			"value": 29.3,
			"unit_name": "С"
		},
		{
			"id": 9369,
			"name": "Modul 08 temperatura 05 ",
			"enabled": false,
			"state": 9,
			"num": 123,
			"signal_type": 4,
			"treshold_control": {
				"enabled": true,
				"max_val": 29.0,
				"min_val": 16.0
			},
			"value": 30.9,
			"unit_name": "С"
		},
		{
			"id": 9370,
			"name": "Modul 08 tok",
			"enabled": false,
			"state": 0,
			"num": 124,
			"signal_type": 10,
			"treshold_control": {
				"enabled": true,
				"max_val": 0.0,
				"min_val": 0.0
			},
			"value": null,
			"unit_name": "А"
		},
		{
			"id": 9371,
			"name": "Modul 09 napragenie 01",
			"enabled": false,
			"state": 3,
			"num": 125,
			"signal_type": 3,
			"treshold_control": {
				"enabled": true,
				"max_val": 13.0,
				"min_val": 1.5
			},
			"value": 13.26,
			"unit_name": "В"
		},
		{
			"id": 9372,
			"name": "Modul 09 napragenie 02",
			"enabled": false,
			"state": 8,
			"num": 126,
			"signal_type": 3,
			"treshold_control": {
				"enabled": true,
				"max_val": 13.0,
				"min_val": 1.5
			},
			"value": 0.45,
			"unit_name": "В"
		},
		{
			"id": 9373,
			"name": "Modul 09 napragenie 03",
			"enabled": false,
			"state": 8,
			"num": 127,
			"signal_type": 3,
			"treshold_control": {
				"enabled": true,
				"max_val": 13.0,
				"min_val": 1.5
			},
			"value": 0.81,
			"unit_name": "В"
		},
		{
			"id": 9374,
			"name": "Modul 09 napragenie 04",
			"enabled": false,
			"state": 9,
			"num": 128,
			"signal_type": 3,
			"treshold_control": {
				"enabled": true,
				"max_val": 13.0,
				"min_val": 1.5
			},
			"value": 14.26,
			"unit_name": "В"
		},
		{
			"id": 9375,
			"name": "Modul 09 napragenie 05",
			"enabled": false,
			"state": 0,
			"num": 129,
			"signal_type": 3,
			"treshold_control": {
				"enabled": true,
				"max_val": 13.0,
				"min_val": 1.5
			},
			"value": 1.53,
			"unit_name": "В"
		},
		{
			"id": 9376,
			"name": "Modul 09 temperatura 01",
			"enabled": false,
			"state": 3,
			"num": 130,
			"signal_type": 4,
			"treshold_control": {
				"enabled": true,
				"max_val": 29.0,
				"min_val": 16.0
			},
			"value": 0.8,
			"unit_name": "С"
		},
		{
			"id": 9377,
			"name": "Modul 09 temperatura 02",
			"enabled": false,
			"state": 3,
			"num": 131,
			"signal_type": 4,
			"treshold_control": {
				"enabled": true,
				"max_val": 29.0,
				"min_val": 16.0
			},
			"value": 27.0,
			"unit_name": "С"
		},
		{
			"id": 9378,
			"name": "Modul 09 temperatura 03",
			"enabled": false,
			"state": 3,
			"num": 132,
			"signal_type": 4,
			"treshold_control": {
				"enabled": true,
				"max_val": 29.0,
				"min_val": 16.0
			},
			"value": 28.4,
			"unit_name": "С"
		},
		{
			"id": 9379,
			"name": "Modul 09 temperatura 04",
			"enabled": false,
			"state": 9,
			"num": 133,
			"signal_type": 4,
			"treshold_control": {
				"enabled": true,
				"max_val": 29.0,
				"min_val": 16.0
			},
			"value": 30.0,
			"unit_name": "С"
		},
		{
			"id": 9380,
			"name": "Modul 09 temperatura 05",
			"enabled": false,
			"state": 9,
			"num": 134,
			"signal_type": 4,
			"treshold_control": {
				"enabled": true,
				"max_val": 29.0,
				"min_val": 16.0
			},
			"value": 31.8,
			"unit_name": "С"
		},
		{
			"id": 9381,
			"name": "Modul 09 tok",
			"enabled": false,
			"state": 0,
			"num": 135,
			"signal_type": 10,
			"treshold_control": {
				"enabled": true,
				"max_val": 0.0,
				"min_val": 0.0
			},
			"value": null,
			"unit_name": "А"
		},
		{
			"id": 9382,
			"name": "Modul 10 napragenie 01",
			"enabled": false,
			"state": 3,
			"num": 136,
			"signal_type": 3,
			"treshold_control": {
				"enabled": true,
				"max_val": 13.0,
				"min_val": 1.5
			},
			"value": null,
			"unit_name": "В"
		},
		{
			"id": 9383,
			"name": "Modul 10 napragenie 02",
			"enabled": false,
			"state": 3,
			"num": 137,
			"signal_type": 3,
			"treshold_control": {
				"enabled": true,
				"max_val": 13.0,
				"min_val": 1.5
			},
			"value": null,
			"unit_name": "В"
		},
		{
			"id": 9384,
			"name": "Modul 10 napragenie 03",
			"enabled": false,
			"state": 3,
			"num": 138,
			"signal_type": 3,
			"treshold_control": {
				"enabled": true,
				"max_val": 13.0,
				"min_val": 1.5
			},
			"value": null,
			"unit_name": "В"
		},
		{
			"id": 9385,
			"name": "Modul 10 napragenie 04",
			"enabled": false,
			"state": 3,
			"num": 139,
			"signal_type": 3,
			"treshold_control": {
				"enabled": true,
				"max_val": 13.0,
				"min_val": 1.5
			},
			"value": null,
			"unit_name": "В"
		},
		{
			"id": 9386,
			"name": "Modul 10 napragenie 05",
			"enabled": false,
			"state": 0,
			"num": 140,
			"signal_type": 3,
			"treshold_control": {
				"enabled": true,
				"max_val": 13.0,
				"min_val": 1.5
			},
			"value": null,
			"unit_name": "В"
		},
		{
			"id": 9387,
			"name": "Modul 10 temperatura 01",
			"enabled": false,
			"state": 3,
			"num": 141,
			"signal_type": 4,
			"treshold_control": {
				"enabled": true,
				"max_val": 29.0,
				"min_val": 16.0
			},
			"value": null,
			"unit_name": "С"
		},
		{
			"id": 9388,
			"name": "Modul 10 temperatura 02",
			"enabled": false,
			"state": 3,
			"num": 142,
			"signal_type": 4,
			"treshold_control": {
				"enabled": true,
				"max_val": 29.0,
				"min_val": 16.0
			},
			"value": null,
			"unit_name": "С"
		},
		{
			"id": 9389,
			"name": "Modul 10 temperatura 03",
			"enabled": false,
			"state": 3,
			"num": 143,
			"signal_type": 4,
			"treshold_control": {
				"enabled": true,
				"max_val": 29.0,
				"min_val": 16.0
			},
			"value": null,
			"unit_name": "С"
		},
		{
			"id": 9390,
			"name": "Modul 10 temperatura 04",
			"enabled": false,
			"state": 3,
			"num": 144,
			"signal_type": 4,
			"treshold_control": {
				"enabled": true,
				"max_val": 29.0,
				"min_val": 16.0
			},
			"value": null,
			"unit_name": "С"
		},
		{
			"id": 9391,
			"name": "Modul 10 temperatura 05",
			"enabled": false,
			"state": 0,
			"num": 145,
			"signal_type": 4,
			"treshold_control": {
				"enabled": true,
				"max_val": 29.0,
				"min_val": 16.0
			},
			"value": null,
			"unit_name": "С"
		},
		{
			"id": 9392,
			"name": "Modul 10 tok",
			"enabled": false,
			"state": 9,
			"num": 146,
			"signal_type": 10,
			"treshold_control": {
				"enabled": true,
				"max_val": 0.0,
				"min_val": 0.0
			},
			"value": 1.2,
			"unit_name": "А"
		},
		{
			"id": 9393,
			"name": "Общее napragenie в группе 01",
			"enabled": true,
			"state": 8,
			"num": 147,
			"signal_type": 3,
			"treshold_control": {
				"enabled": true,
				"max_val": 40.70000076293945,
				"min_val": 32.70000076293945
			},
			"value": 27.66,
			"unit_name": "В"
		},
		{
			"id": 9394,
			"name": "Общее napragenie в группе 02",
			"enabled": true,
			"state": 9,
			"num": 148,
			"signal_type": 3,
			"treshold_control": {
				"enabled": true,
				"max_val": 0.0,
				"min_val": 0.0
			},
			"value": 40.64,
			"unit_name": "В"
		},
		{
			"id": 9395,
			"name": "Общее napragenie в группе 03",
			"enabled": true,
			"state": 9,
			"num": 149,
			"signal_type": 3,
			"treshold_control": {
				"enabled": true,
				"max_val": 0.0,
				"min_val": 0.0
			},
			"value": 2.71,
			"unit_name": "В"
		},
		{
			"id": 9396,
			"name": "Общее napragenie в группе 04",
			"enabled": false,
			"state": 9,
			"num": 150,
			"signal_type": 3,
			"treshold_control": {
				"enabled": true,
				"max_val": 0.0,
				"min_val": 0.0
			},
			"value": 58.06,
			"unit_name": "В"
		},
		{
			"id": 9397,
			"name": "Общее napragenie в группе 05",
			"enabled": false,
			"state": 9,
			"num": 151,
			"signal_type": 3,
			"treshold_control": {
				"enabled": true,
				"max_val": 0.0,
				"min_val": 0.0
			},
			"value": 58.51,
			"unit_name": "В"
		},
		{
			"id": 9398,
			"name": "Общее napragenie в группе 06",
			"enabled": false,
			"state": 9,
			"num": 152,
			"signal_type": 3,
			"treshold_control": {
				"enabled": true,
				"max_val": 0.0,
				"min_val": 0.0
			},
			"value": 58.96,
			"unit_name": "В"
		},
		{
			"id": 9399,
			"name": "Общее napragenie в группе 07",
			"enabled": false,
			"state": 9,
			"num": 153,
			"signal_type": 3,
			"treshold_control": {
				"enabled": true,
				"max_val": 0.0,
				"min_val": 0.0
			},
			"value": 59.41,
			"unit_name": "В"
		},
		{
			"id": 9400,
			"name": "Общее napragenie в группе 08",
			"enabled": false,
			"state": 9,
			"num": 154,
			"signal_type": 3,
			"treshold_control": {
				"enabled": true,
				"max_val": 0.0,
				"min_val": 0.0
			},
			"value": 59.86,
			"unit_name": "В"
		},
		{
			"id": 9401,
			"name": "Общее napragenie в группе 09",
			"enabled": false,
			"state": 9,
			"num": 155,
			"signal_type": 3,
			"treshold_control": {
				"enabled": true,
				"max_val": 0.0,
				"min_val": 0.0
			},
			"value": 60.31,
			"unit_name": "В"
		},
		{
			"id": 9402,
			"name": "Общее napragenie в группе 10",
			"enabled": false,
			"state": 0,
			"num": 156,
			"signal_type": 3,
			"treshold_control": {
				"enabled": true,
				"max_val": 0.0,
				"min_val": 0.0
			},
			"value": null,
			"unit_name": "В"
		},
		{
			"id": 9403,
			"name": "Среднее napragenie в группе 01",
			"enabled": true,
			"state": 0,
			"num": 157,
			"signal_type": 3,
			"treshold_control": {
				"enabled": true,
				"max_val": 13.899999618530273,
				"min_val": 10.899999618530273
			},
			"value": 13.83,
			"unit_name": "В"
		},
		{
			"id": 9404,
			"name": "Среднее napragenie в группе 02",
			"enabled": true,
			"state": 9,
			"num": 158,
			"signal_type": 3,
			"treshold_control": {
				"enabled": true,
				"max_val": 0.0,
				"min_val": 0.0
			},
			"value": 13.549999999999999,
			"unit_name": "В"
		},
		{
			"id": 9405,
			"name": "Среднее napragenie в группе 03",
			"enabled": true,
			"state": 9,
			"num": 159,
			"signal_type": 3,
			"treshold_control": {
				"enabled": true,
				"max_val": 0.0,
				"min_val": 0.0
			},
			"value": 13.703333333333333,
			"unit_name": "В"
		},
		{
			"id": 9406,
			"name": "Среднее napragenie в группе 04",
			"enabled": false,
			"state": 9,
			"num": 160,
			"signal_type": 3,
			"treshold_control": {
				"enabled": true,
				"max_val": 0.0,
				"min_val": 0.0
			},
			"value": 11.611999999999998,
			"unit_name": "В"
		},
		{
			"id": 9407,
			"name": "Среднее napragenie в группе 05",
			"enabled": false,
			"state": 9,
			"num": 161,
			"signal_type": 3,
			"treshold_control": {
				"enabled": true,
				"max_val": 0.0,
				"min_val": 0.0
			},
			"value": 11.702,
			"unit_name": "В"
		},
		{
			"id": 9408,
			"name": "Среднее napragenie в группе 06",
			"enabled": false,
			"state": 9,
			"num": 162,
			"signal_type": 3,
			"treshold_control": {
				"enabled": true,
				"max_val": 0.0,
				"min_val": 0.0
			},
			"value": 11.791999999999998,
			"unit_name": "В"
		},
		{
			"id": 9409,
			"name": "Среднее napragenie в группе 07",
			"enabled": false,
			"state": 9,
			"num": 163,
			"signal_type": 3,
			"treshold_control": {
				"enabled": true,
				"max_val": 0.0,
				"min_val": 0.0
			},
			"value": 11.882000000000001,
			"unit_name": "В"
		},
		{
			"id": 9410,
			"name": "Среднее napragenie в группе 08",
			"enabled": false,
			"state": 9,
			"num": 164,
			"signal_type": 3,
			"treshold_control": {
				"enabled": true,
				"max_val": 0.0,
				"min_val": 0.0
			},
			"value": 11.972,
			"unit_name": "В"
		},
		{
			"id": 9411,
			"name": "Среднее napragenie в группе 09",
			"enabled": false,
			"state": 9,
			"num": 165,
			"signal_type": 3,
			"treshold_control": {
				"enabled": true,
				"max_val": 0.0,
				"min_val": 0.0
			},
			"value": 12.062000000000001,
			"unit_name": "В"
		},
		{
			"id": 9412,
			"name": "Среднее napragenie в группе 10",
			"enabled": false,
			"state": 0,
			"num": 166,
			"signal_type": 3,
			"treshold_control": {
				"enabled": true,
				"max_val": 0.0,
				"min_val": 0.0
			},
			"value": null,
			"unit_name": "В"
		},
		{
			"id": 9413,
			"name": "Средняя temperatura в группе 01",
			"enabled": false,
			"state": 0,
			"num": 167,
			"signal_type": 4,
			"treshold_control": {
				"enabled": true,
				"max_val": 29.899999618530273,
				"min_val": 14.899999618530273
			},
			"value": 23.66666667163372,
			"unit_name": "С"
		},
		{
			"id": 9414,
			"name": "Средняя temperatura в группе 02",
			"enabled": false,
			"state": 9,
			"num": 168,
			"signal_type": 4,
			"treshold_control": {
				"enabled": true,
				"max_val": 0.0,
				"min_val": 0.0
			},
			"value": 29.700000000000003,
			"unit_name": "С"
		},
		{
			"id": 9415,
			"name": "Средняя temperatura в группе 03",
			"enabled": false,
			"state": 9,
			"num": 169,
			"signal_type": 4,
			"treshold_control": {
				"enabled": true,
				"max_val": 0.0,
				"min_val": 0.0
			},
			"value": 24.26,
			"unit_name": "С"
		},
		{
			"id": 9416,
			"name": "Средняя temperatura в группе 04",
			"enabled": false,
			"state": 9,
			"num": 170,
			"signal_type": 4,
			"treshold_control": {
				"enabled": true,
				"max_val": 0.0,
				"min_val": 0.0
			},
			"value": 26.2,
			"unit_name": "С"
		},
		{
			"id": 9417,
			"name": "Средняя temperatura в группе 05",
			"enabled": false,
			"state": 9,
			"num": 171,
			"signal_type": 4,
			"treshold_control": {
				"enabled": true,
				"max_val": 0.0,
				"min_val": 0.0
			},
			"value": 26.72,
			"unit_name": "С"
		},
		{
			"id": 9418,
			"name": "Средняя temperatura в группе 06",
			"enabled": false,
			"state": 9,
			"num": 172,
			"signal_type": 4,
			"treshold_control": {
				"enabled": true,
				"max_val": 0.0,
				"min_val": 0.0
			},
			"value": 27.2,
			"unit_name": "С"
		},
		{
			"id": 9419,
			"name": "Средняя temperatura в группе 07",
			"enabled": false,
			"state": 9,
			"num": 173,
			"signal_type": 4,
			"treshold_control": {
				"enabled": true,
				"max_val": 0.0,
				"min_val": 0.0
			},
			"value": 27.7,
			"unit_name": "С"
		},
		{
			"id": 9420,
			"name": "Средняя temperatura в группе 08",
			"enabled": false,
			"state": 9,
			"num": 174,
			"signal_type": 4,
			"treshold_control": {
				"enabled": true,
				"max_val": 0.0,
				"min_val": 0.0
			},
			"value": 28.2,
			"unit_name": "С"
		},
		{
			"id": 9421,
			"name": "Средняя temperatura в группе 09",
			"enabled": false,
			"state": 9,
			"num": 175,
			"signal_type": 4,
			"treshold_control": {
				"enabled": true,
				"max_val": 0.0,
				"min_val": 0.0
			},
			"value": 28.7,
			"unit_name": "С"
		},
		{
			"id": 9422,
			"name": "Средняя temperatura в группе 10",
			"enabled": false,
			"state": 0,
			"num": 176,
			"signal_type": 4,
			"treshold_control": {
				"enabled": true,
				"max_val": 0.0,
				"min_val": 0.0
			},
			"value": null,
			"unit_name": "С"
		},
		{
			"id": 9423,
			"name": "Modul 01 napragenie 01 otklonenie ot srednego ",
			"enabled": false,
			"state": 0,
			"num": 177,
			"signal_type": 3,
			"treshold_control": {
				"enabled": true,
				"max_val": 0.0,
				"min_val": 0.0
			},
			"value": null,
			"unit_name": "В"
		},
		{
			"id": 9424,
			"name": "Modul 01 napragenie 02 otklonenie ot srednego ",
			"enabled": false,
			"state": 0,
			"num": 178,
			"signal_type": 3,
			"treshold_control": {
				"enabled": true,
				"max_val": 0.0,
				"min_val": 0.0
			},
			"value": null,
			"unit_name": "В"
		},
		{
			"id": 9425,
			"name": "Modul 01 napragenie 03 otklonenie ot srednego ",
			"enabled": false,
			"state": 9,
			"num": 179,
			"signal_type": 3,
			"treshold_control": {
				"enabled": true,
				"max_val": 0.0,
				"min_val": 0.0
			},
			"value": null,
			"unit_name": "В"
		},
		{
			"id": 9426,
			"name": "Modul 01 napragenie 04 otklonenie ot srednego ",
			"enabled": false,
			"state": 0,
			"num": 180,
			"signal_type": 3,
			"treshold_control": {
				"enabled": true,
				"max_val": 0.0,
				"min_val": 0.0
			},
			"value": null,
			"unit_name": "В"
		},
		{
			"id": 9427,
			"name": "Modul 01 napragenie 05 otklonenie ot srednego ",
			"enabled": false,
			"state": 0,
			"num": 181,
			"signal_type": 3,
			"treshold_control": {
				"enabled": true,
				"max_val": 0.0,
				"min_val": 0.0
			},
			"value": null,
			"unit_name": "В"
		},
		{
			"id": 9428,
			"name": "Modul 01 temperatura 01 otklonenie ot srednego ",
			"enabled": false,
			"state": 9,
			"num": 182,
			"signal_type": 4,
			"treshold_control": {
				"enabled": true,
				"max_val": 0.0,
				"min_val": 0.0
			},
			"value": null,
			"unit_name": "С"
		},
		{
			"id": 9429,
			"name": "Modul 01 temperatura 02 otklonenie ot srednego ",
			"enabled": false,
			"state": 0,
			"num": 183,
			"signal_type": 4,
			"treshold_control": {
				"enabled": true,
				"max_val": 0.0,
				"min_val": 0.0
			},
			"value": null,
			"unit_name": "С"
		},
		{
			"id": 9430,
			"name": "Modul 01 temperatura 03 otklonenie ot srednego ",
			"enabled": false,
			"state": 8,
			"num": 184,
			"signal_type": 4,
			"treshold_control": {
				"enabled": true,
				"max_val": 0.0,
				"min_val": 0.0
			},
			"value": null,
			"unit_name": "С"
		},
		{
			"id": 9431,
			"name": "Modul 01 temperatura 04 otklonenie ot srednego ",
			"enabled": false,
			"state": 0,
			"num": 185,
			"signal_type": 4,
			"treshold_control": {
				"enabled": true,
				"max_val": 0.0,
				"min_val": 0.0
			},
			"value": null,
			"unit_name": "С"
		},
		{
			"id": 9432,
			"name": "Modul 01 temperatura 05 otklonenie ot srednego ",
			"enabled": false,
			"state": 0,
			"num": 186,
			"signal_type": 4,
			"treshold_control": {
				"enabled": true,
				"max_val": 0.0,
				"min_val": 0.0
			},
			"value": null,
			"unit_name": "С"
		},
		{
			"id": 9433,
			"name": "Modul 02 napragenie 01 otklonenie ot srednego ",
			"enabled": false,
			"state": 0,
			"num": 188,
			"signal_type": 3,
			"treshold_control": {
				"enabled": true,
				"max_val": 0.0,
				"min_val": 0.0
			},
			"value": null,
			"unit_name": "В"
		},
		{
			"id": 9434,
			"name": "Modul 02 napragenie 02 otklonenie ot srednego ",
			"enabled": false,
			"state": 0,
			"num": 189,
			"signal_type": 3,
			"treshold_control": {
				"enabled": true,
				"max_val": 0.0,
				"min_val": 0.0
			},
			"value": null,
			"unit_name": "В"
		},
		{
			"id": 9435,
			"name": "Modul 02 napragenie 03 otklonenie ot srednego ",
			"enabled": false,
			"state": 0,
			"num": 190,
			"signal_type": 3,
			"treshold_control": {
				"enabled": true,
				"max_val": 0.0,
				"min_val": 0.0
			},
			"value": null,
			"unit_name": "В"
		},
		{
			"id": 9436,
			"name": "Modul 02 napragenie 04 otklonenie ot srednego ",
			"enabled": false,
			"state": 0,
			"num": 191,
			"signal_type": 3,
			"treshold_control": {
				"enabled": true,
				"max_val": 0.0,
				"min_val": 0.0
			},
			"value": null,
			"unit_name": "В"
		},
		{
			"id": 9437,
			"name": "Modul 02 napragenie 05 otklonenie ot srednego ",
			"enabled": false,
			"state": 0,
			"num": 192,
			"signal_type": 3,
			"treshold_control": {
				"enabled": true,
				"max_val": 0.0,
				"min_val": 0.0
			},
			"value": null,
			"unit_name": "В"
		},
		{
			"id": 9438,
			"name": "Modul 02 temperatura 01 otklonenie ot srednego ",
			"enabled": false,
			"state": 0,
			"num": 193,
			"signal_type": 4,
			"treshold_control": {
				"enabled": true,
				"max_val": 0.0,
				"min_val": 0.0
			},
			"value": null,
			"unit_name": "С"
		},
		{
			"id": 9439,
			"name": "Modul 02 temperatura 02 otklonenie ot srednego ",
			"enabled": false,
			"state": 0,
			"num": 194,
			"signal_type": 4,
			"treshold_control": {
				"enabled": true,
				"max_val": 0.0,
				"min_val": 0.0
			},
			"value": null,
			"unit_name": "С"
		},
		{
			"id": 9440,
			"name": "Modul 02 temperatura 03 otklonenie ot srednego ",
			"enabled": false,
			"state": 0,
			"num": 195,
			"signal_type": 4,
			"treshold_control": {
				"enabled": true,
				"max_val": 0.0,
				"min_val": 0.0
			},
			"value": null,
			"unit_name": "С"
		},
		{
			"id": 9441,
			"name": "Modul 02 temperatura 04 otklonenie ot srednego ",
			"enabled": false,
			"state": 0,
			"num": 196,
			"signal_type": 4,
			"treshold_control": {
				"enabled": true,
				"max_val": 0.0,
				"min_val": 0.0
			},
			"value": null,
			"unit_name": "С"
		},
		{
			"id": 9442,
			"name": "Modul 02 temperatura 05 otklonenie ot srednego ",
			"enabled": false,
			"state": 0,
			"num": 197,
			"signal_type": 4,
			"treshold_control": {
				"enabled": true,
				"max_val": 0.0,
				"min_val": 0.0
			},
			"value": null,
			"unit_name": "С"
		},
		{
			"id": 9443,
			"name": "Modul 03 napragenie 01 otklonenie ot srednego ",
			"enabled": false,
			"state": 0,
			"num": 199,
			"signal_type": 3,
			"treshold_control": {
				"enabled": true,
				"max_val": 0.0,
				"min_val": 0.0
			},
			"value": null,
			"unit_name": "В"
		},
		{
			"id": 9444,
			"name": "Modul 03 napragenie 02 otklonenie ot srednego ",
			"enabled": false,
			"state": 0,
			"num": 200,
			"signal_type": 3,
			"treshold_control": {
				"enabled": true,
				"max_val": 0.0,
				"min_val": 0.0
			},
			"value": null,
			"unit_name": "В"
		},
		{
			"id": 9445,
			"name": "Modul 03 napragenie 03 otklonenie ot srednego ",
			"enabled": false,
			"state": 0,
			"num": 201,
			"signal_type": 3,
			"treshold_control": {
				"enabled": true,
				"max_val": 0.0,
				"min_val": 0.0
			},
			"value": null,
			"unit_name": "В"
		},
		{
			"id": 9446,
			"name": "Modul 03 napragenie 04 otklonenie ot srednego ",
			"enabled": false,
			"state": 0,
			"num": 202,
			"signal_type": 3,
			"treshold_control": {
				"enabled": true,
				"max_val": 0.0,
				"min_val": 0.0
			},
			"value": null,
			"unit_name": "В"
		},
		{
			"id": 9447,
			"name": "Modul 03 napragenie 05 otklonenie ot srednego ",
			"enabled": false,
			"state": 0,
			"num": 203,
			"signal_type": 3,
			"treshold_control": {
				"enabled": true,
				"max_val": 0.0,
				"min_val": 0.0
			},
			"value": null,
			"unit_name": "В"
		},
		{
			"id": 9448,
			"name": "Modul 03 temperatura 01 otklonenie ot srednego ",
			"enabled": false,
			"state": 0,
			"num": 204,
			"signal_type": 4,
			"treshold_control": {
				"enabled": true,
				"max_val": 0.0,
				"min_val": 0.0
			},
			"value": null,
			"unit_name": "С"
		},
		{
			"id": 9449,
			"name": "Modul 03 temperatura 02 otklonenie ot srednego ",
			"enabled": false,
			"state": 0,
			"num": 205,
			"signal_type": 4,
			"treshold_control": {
				"enabled": true,
				"max_val": 0.0,
				"min_val": 0.0
			},
			"value": null,
			"unit_name": "С"
		},
		{
			"id": 9450,
			"name": "Modul 03 temperatura 03 otklonenie ot srednego ",
			"enabled": false,
			"state": 0,
			"num": 206,
			"signal_type": 4,
			"treshold_control": {
				"enabled": true,
				"max_val": 0.0,
				"min_val": 0.0
			},
			"value": null,
			"unit_name": "С"
		},
		{
			"id": 9451,
			"name": "Modul 03 temperatura 04 otklonenie ot srednego ",
			"enabled": false,
			"state": 0,
			"num": 207,
			"signal_type": 4,
			"treshold_control": {
				"enabled": true,
				"max_val": 0.0,
				"min_val": 0.0
			},
			"value": null,
			"unit_name": "С"
		},
		{
			"id": 9452,
			"name": "Modul 03 temperatura 05 otklonenie ot srednego ",
			"enabled": false,
			"state": 0,
			"num": 208,
			"signal_type": 4,
			"treshold_control": {
				"enabled": true,
				"max_val": 0.0,
				"min_val": 0.0
			},
			"value": null,
			"unit_name": "С"
		},
		{
			"id": 9453,
			"name": "Modul 04 napragenie 01 otklonenie ot srednego ",
			"enabled": false,
			"state": 0,
			"num": 210,
			"signal_type": 3,
			"treshold_control": {
				"enabled": true,
				"max_val": 0.0,
				"min_val": 0.0
			},
			"value": null,
			"unit_name": "В"
		},
		{
			"id": 9454,
			"name": "Modul 04 napragenie 02 otklonenie ot srednego ",
			"enabled": false,
			"state": 0,
			"num": 211,
			"signal_type": 3,
			"treshold_control": {
				"enabled": true,
				"max_val": 0.0,
				"min_val": 0.0
			},
			"value": null,
			"unit_name": "В"
		},
		{
			"id": 9455,
			"name": "Modul 04 napragenie 03 otklonenie ot srednego ",
			"enabled": false,
			"state": 0,
			"num": 212,
			"signal_type": 3,
			"treshold_control": {
				"enabled": true,
				"max_val": 0.0,
				"min_val": 0.0
			},
			"value": null,
			"unit_name": "В"
		},
		{
			"id": 9456,
			"name": "Modul 04 napragenie 04 otklonenie ot srednego ",
			"enabled": false,
			"state": 0,
			"num": 213,
			"signal_type": 3,
			"treshold_control": {
				"enabled": true,
				"max_val": 0.0,
				"min_val": 0.0
			},
			"value": null,
			"unit_name": "В"
		},
		{
			"id": 9457,
			"name": "Modul 04 napragenie 05 otklonenie ot srednego ",
			"enabled": false,
			"state": 0,
			"num": 214,
			"signal_type": 3,
			"treshold_control": {
				"enabled": true,
				"max_val": 0.0,
				"min_val": 0.0
			},
			"value": null,
			"unit_name": "В"
		},
		{
			"id": 9458,
			"name": "Modul 04 temperatura 01 otklonenie ot srednego ",
			"enabled": false,
			"state": 0,
			"num": 215,
			"signal_type": 4,
			"treshold_control": {
				"enabled": true,
				"max_val": 0.0,
				"min_val": 0.0
			},
			"value": null,
			"unit_name": "С"
		},
		{
			"id": 9459,
			"name": "Modul 04 temperatura 02 otklonenie ot srednego ",
			"enabled": false,
			"state": 0,
			"num": 216,
			"signal_type": 4,
			"treshold_control": {
				"enabled": true,
				"max_val": 0.0,
				"min_val": 0.0
			},
			"value": null,
			"unit_name": "С"
		},
		{
			"id": 9460,
			"name": "Modul 04 temperatura 03 otklonenie ot srednego ",
			"enabled": false,
			"state": 0,
			"num": 217,
			"signal_type": 4,
			"treshold_control": {
				"enabled": true,
				"max_val": 0.0,
				"min_val": 0.0
			},
			"value": null,
			"unit_name": "С"
		},
		{
			"id": 9461,
			"name": "Modul 04 temperatura 04 otklonenie ot srednego ",
			"enabled": false,
			"state": 0,
			"num": 218,
			"signal_type": 4,
			"treshold_control": {
				"enabled": true,
				"max_val": 0.0,
				"min_val": 0.0
			},
			"value": null,
			"unit_name": "С"
		},
		{
			"id": 9462,
			"name": "Modul 04 temperatura 05 otklonenie ot srednego ",
			"enabled": false,
			"state": 0,
			"num": 219,
			"signal_type": 4,
			"treshold_control": {
				"enabled": true,
				"max_val": 0.0,
				"min_val": 0.0
			},
			"value": null,
			"unit_name": "С"
		},
		{
			"id": 9463,
			"name": "Modul 05 napragenie 01 otklonenie ot srednego ",
			"enabled": false,
			"state": 0,
			"num": 221,
			"signal_type": 3,
			"treshold_control": {
				"enabled": true,
				"max_val": 0.0,
				"min_val": 0.0
			},
			"value": null,
			"unit_name": "В"
		},
		{
			"id": 9464,
			"name": "Modul 05 napragenie 02 otklonenie ot srednego ",
			"enabled": false,
			"state": 0,
			"num": 222,
			"signal_type": 3,
			"treshold_control": {
				"enabled": true,
				"max_val": 0.0,
				"min_val": 0.0
			},
			"value": null,
			"unit_name": "В"
		},
		{
			"id": 9465,
			"name": "Modul 05 napragenie 03 otklonenie ot srednego ",
			"enabled": false,
			"state": 0,
			"num": 223,
			"signal_type": 3,
			"treshold_control": {
				"enabled": true,
				"max_val": 0.0,
				"min_val": 0.0
			},
			"value": null,
			"unit_name": "В"
		},
		{
			"id": 9466,
			"name": "Modul 05 napragenie 04 otklonenie ot srednego ",
			"enabled": false,
			"state": 0,
			"num": 224,
			"signal_type": 3,
			"treshold_control": {
				"enabled": true,
				"max_val": 0.0,
				"min_val": 0.0
			},
			"value": null,
			"unit_name": "В"
		},
		{
			"id": 9467,
			"name": "Modul 05 napragenie 05 otklonenie ot srednego ",
			"enabled": false,
			"state": 0,
			"num": 225,
			"signal_type": 3,
			"treshold_control": {
				"enabled": true,
				"max_val": 0.0,
				"min_val": 0.0
			},
			"value": null,
			"unit_name": "В"
		},
		{
			"id": 9468,
			"name": "Modul 05 temperatura 01 otklonenie ot srednego ",
			"enabled": false,
			"state": 0,
			"num": 226,
			"signal_type": 4,
			"treshold_control": {
				"enabled": true,
				"max_val": 0.0,
				"min_val": 0.0
			},
			"value": null,
			"unit_name": "С"
		},
		{
			"id": 9469,
			"name": "Modul 05 temperatura 02 otklonenie ot srednego ",
			"enabled": false,
			"state": 0,
			"num": 227,
			"signal_type": 4,
			"treshold_control": {
				"enabled": true,
				"max_val": 0.0,
				"min_val": 0.0
			},
			"value": null,
			"unit_name": "С"
		},
		{
			"id": 9470,
			"name": "Modul 05 temperatura 03 otklonenie ot srednego ",
			"enabled": false,
			"state": 0,
			"num": 228,
			"signal_type": 4,
			"treshold_control": {
				"enabled": true,
				"max_val": 0.0,
				"min_val": 0.0
			},
			"value": null,
			"unit_name": "С"
		},
		{
			"id": 9471,
			"name": "Modul 05 temperatura 04 otklonenie ot srednego ",
			"enabled": false,
			"state": 0,
			"num": 229,
			"signal_type": 4,
			"treshold_control": {
				"enabled": true,
				"max_val": 0.0,
				"min_val": 0.0
			},
			"value": null,
			"unit_name": "С"
		},
		{
			"id": 9472,
			"name": "Modul 05 temperatura 05 otklonenie ot srednego ",
			"enabled": false,
			"state": 0,
			"num": 230,
			"signal_type": 4,
			"treshold_control": {
				"enabled": true,
				"max_val": 0.0,
				"min_val": 0.0
			},
			"value": null,
			"unit_name": "С"
		},
		{
			"id": 9473,
			"name": "Modul 06 napragenie 01 otklonenie ot srednego ",
			"enabled": false,
			"state": 0,
			"num": 232,
			"signal_type": 3,
			"treshold_control": {
				"enabled": true,
				"max_val": 0.0,
				"min_val": 0.0
			},
			"value": null,
			"unit_name": "В"
		},
		{
			"id": 9474,
			"name": "Modul 06 napragenie 02 otklonenie ot srednego ",
			"enabled": false,
			"state": 0,
			"num": 233,
			"signal_type": 3,
			"treshold_control": {
				"enabled": true,
				"max_val": 0.0,
				"min_val": 0.0
			},
			"value": null,
			"unit_name": "В"
		},
		{
			"id": 9475,
			"name": "Modul 06 napragenie 03 otklonenie ot srednego ",
			"enabled": false,
			"state": 0,
			"num": 234,
			"signal_type": 3,
			"treshold_control": {
				"enabled": true,
				"max_val": 0.0,
				"min_val": 0.0
			},
			"value": null,
			"unit_name": "В"
		},
		{
			"id": 9476,
			"name": "Modul 06 napragenie 04 otklonenie ot srednego ",
			"enabled": false,
			"state": 0,
			"num": 235,
			"signal_type": 3,
			"treshold_control": {
				"enabled": true,
				"max_val": 0.0,
				"min_val": 0.0
			},
			"value": null,
			"unit_name": "В"
		},
		{
			"id": 9477,
			"name": "Modul 06 napragenie 05 otklonenie ot srednego ",
			"enabled": false,
			"state": 0,
			"num": 236,
			"signal_type": 3,
			"treshold_control": {
				"enabled": true,
				"max_val": 0.0,
				"min_val": 0.0
			},
			"value": null,
			"unit_name": "В"
		},
		{
			"id": 9478,
			"name": "Modul 06 temperatura 01 otklonenie ot srednego ",
			"enabled": false,
			"state": 0,
			"num": 237,
			"signal_type": 4,
			"treshold_control": {
				"enabled": true,
				"max_val": 0.0,
				"min_val": 0.0
			},
			"value": null,
			"unit_name": "С"
		},
		{
			"id": 9479,
			"name": "Modul 06 temperatura 02 otklonenie ot srednego ",
			"enabled": false,
			"state": 0,
			"num": 238,
			"signal_type": 4,
			"treshold_control": {
				"enabled": true,
				"max_val": 0.0,
				"min_val": 0.0
			},
			"value": null,
			"unit_name": "С"
		},
		{
			"id": 9480,
			"name": "Modul 06 temperatura 03 otklonenie ot srednego ",
			"enabled": false,
			"state": 0,
			"num": 239,
			"signal_type": 4,
			"treshold_control": {
				"enabled": true,
				"max_val": 0.0,
				"min_val": 0.0
			},
			"value": null,
			"unit_name": "С"
		},
		{
			"id": 9481,
			"name": "Modul 06 temperatura 04 otklonenie ot srednego ",
			"enabled": false,
			"state": 0,
			"num": 240,
			"signal_type": 4,
			"treshold_control": {
				"enabled": true,
				"max_val": 0.0,
				"min_val": 0.0
			},
			"value": null,
			"unit_name": "С"
		},
		{
			"id": 9482,
			"name": "Modul 06 temperatura 05 otklonenie ot srednego ",
			"enabled": false,
			"state": 0,
			"num": 241,
			"signal_type": 4,
			"treshold_control": {
				"enabled": true,
				"max_val": 0.0,
				"min_val": 0.0
			},
			"value": null,
			"unit_name": "С"
		},
		{
			"id": 9483,
			"name": "Modul 07 napragenie 01 otklonenie ot srednego ",
			"enabled": false,
			"state": 0,
			"num": 243,
			"signal_type": 3,
			"treshold_control": {
				"enabled": true,
				"max_val": 0.0,
				"min_val": 0.0
			},
			"value": null,
			"unit_name": "В"
		},
		{
			"id": 9484,
			"name": "Modul 07 napragenie 02 otklonenie ot srednego ",
			"enabled": false,
			"state": 0,
			"num": 244,
			"signal_type": 3,
			"treshold_control": {
				"enabled": true,
				"max_val": 0.0,
				"min_val": 0.0
			},
			"value": null,
			"unit_name": "В"
		},
		{
			"id": 9485,
			"name": "Modul 07 napragenie 03 otklonenie ot srednego ",
			"enabled": false,
			"state": 0,
			"num": 245,
			"signal_type": 3,
			"treshold_control": {
				"enabled": true,
				"max_val": 0.0,
				"min_val": 0.0
			},
			"value": null,
			"unit_name": "В"
		},
		{
			"id": 9486,
			"name": "Modul 07 napragenie 04 otklonenie ot srednego ",
			"enabled": false,
			"state": 0,
			"num": 246,
			"signal_type": 3,
			"treshold_control": {
				"enabled": true,
				"max_val": 0.0,
				"min_val": 0.0
			},
			"value": null,
			"unit_name": "В"
		},
		{
			"id": 9487,
			"name": "Modul 07 napragenie 05 otklonenie ot srednego ",
			"enabled": false,
			"state": 0,
			"num": 247,
			"signal_type": 3,
			"treshold_control": {
				"enabled": true,
				"max_val": 0.0,
				"min_val": 0.0
			},
			"value": null,
			"unit_name": "В"
		},
		{
			"id": 9488,
			"name": "Modul 07 temperatura 01 otklonenie ot srednego ",
			"enabled": false,
			"state": 0,
			"num": 248,
			"signal_type": 4,
			"treshold_control": {
				"enabled": true,
				"max_val": 0.0,
				"min_val": 0.0
			},
			"value": null,
			"unit_name": "С"
		},
		{
			"id": 9489,
			"name": "Modul 07 temperatura 02 otklonenie ot srednego ",
			"enabled": false,
			"state": 0,
			"num": 249,
			"signal_type": 4,
			"treshold_control": {
				"enabled": true,
				"max_val": 0.0,
				"min_val": 0.0
			},
			"value": null,
			"unit_name": "С"
		},
		{
			"id": 9490,
			"name": "Modul 07 temperatura 03 otklonenie ot srednego ",
			"enabled": false,
			"state": 0,
			"num": 250,
			"signal_type": 4,
			"treshold_control": {
				"enabled": true,
				"max_val": 0.0,
				"min_val": 0.0
			},
			"value": null,
			"unit_name": "С"
		},
		{
			"id": 9491,
			"name": "Modul 07 temperatura 04 otklonenie ot srednego ",
			"enabled": false,
			"state": 0,
			"num": 251,
			"signal_type": 4,
			"treshold_control": {
				"enabled": true,
				"max_val": 0.0,
				"min_val": 0.0
			},
			"value": null,
			"unit_name": "С"
		},
		{
			"id": 9492,
			"name": "Modul 07 temperatura 05 otklonenie ot srednego ",
			"enabled": false,
			"state": 0,
			"num": 252,
			"signal_type": 4,
			"treshold_control": {
				"enabled": true,
				"max_val": 0.0,
				"min_val": 0.0
			},
			"value": null,
			"unit_name": "С"
		},
		{
			"id": 9493,
			"name": "Modul 08 napragenie 01 otklonenie ot srednego ",
			"enabled": false,
			"state": 0,
			"num": 254,
			"signal_type": 3,
			"treshold_control": {
				"enabled": true,
				"max_val": 0.0,
				"min_val": 0.0
			},
			"value": null,
			"unit_name": "В"
		},
		{
			"id": 9494,
			"name": "Modul 08 napragenie 02 otklonenie ot srednego ",
			"enabled": false,
			"state": 0,
			"num": 255,
			"signal_type": 3,
			"treshold_control": {
				"enabled": true,
				"max_val": 0.0,
				"min_val": 0.0
			},
			"value": null,
			"unit_name": "В"
		},
		{
			"id": 9495,
			"name": "Modul 08 napragenie 03 otklonenie ot srednego ",
			"enabled": false,
			"state": 0,
			"num": 256,
			"signal_type": 3,
			"treshold_control": {
				"enabled": true,
				"max_val": 0.0,
				"min_val": 0.0
			},
			"value": null,
			"unit_name": "В"
		},
		{
			"id": 9496,
			"name": "Modul 08 napragenie 04 otklonenie ot srednego ",
			"enabled": false,
			"state": 0,
			"num": 257,
			"signal_type": 3,
			"treshold_control": {
				"enabled": true,
				"max_val": 0.0,
				"min_val": 0.0
			},
			"value": null,
			"unit_name": "В"
		},
		{
			"id": 9497,
			"name": "Modul 08 napragenie 05 otklonenie ot srednego ",
			"enabled": false,
			"state": 0,
			"num": 258,
			"signal_type": 3,
			"treshold_control": {
				"enabled": true,
				"max_val": 0.0,
				"min_val": 0.0
			},
			"value": null,
			"unit_name": "В"
		},
		{
			"id": 9498,
			"name": "Modul 08 temperatura 01 otklonenie ot srednego ",
			"enabled": false,
			"state": 0,
			"num": 259,
			"signal_type": 4,
			"treshold_control": {
				"enabled": true,
				"max_val": 0.0,
				"min_val": 0.0
			},
			"value": null,
			"unit_name": "С"
		},
		{
			"id": 9499,
			"name": "Modul 08 temperatura 02 otklonenie ot srednego ",
			"enabled": false,
			"state": 0,
			"num": 260,
			"signal_type": 4,
			"treshold_control": {
				"enabled": true,
				"max_val": 0.0,
				"min_val": 0.0
			},
			"value": null,
			"unit_name": "С"
		},
		{
			"id": 9500,
			"name": "Modul 08 temperatura 03 otklonenie ot srednego ",
			"enabled": false,
			"state": 0,
			"num": 261,
			"signal_type": 4,
			"treshold_control": {
				"enabled": true,
				"max_val": 0.0,
				"min_val": 0.0
			},
			"value": null,
			"unit_name": "С"
		},
		{
			"id": 9501,
			"name": "Modul 08 temperatura 04 otklonenie ot srednego ",
			"enabled": false,
			"state": 0,
			"num": 262,
			"signal_type": 4,
			"treshold_control": {
				"enabled": true,
				"max_val": 0.0,
				"min_val": 0.0
			},
			"value": null,
			"unit_name": "С"
		},
		{
			"id": 9502,
			"name": "Modul 08 temperatura 05 otklonenie ot srednego ",
			"enabled": false,
			"state": 0,
			"num": 263,
			"signal_type": 4,
			"treshold_control": {
				"enabled": true,
				"max_val": 0.0,
				"min_val": 0.0
			},
			"value": null,
			"unit_name": "С"
		},
		{
			"id": 9503,
			"name": "Modul 09 napragenie 01 otklonenie ot srednego ",
			"enabled": false,
			"state": 0,
			"num": 265,
			"signal_type": 3,
			"treshold_control": {
				"enabled": true,
				"max_val": 0.0,
				"min_val": 0.0
			},
			"value": null,
			"unit_name": "В"
		},
		{
			"id": 9504,
			"name": "Modul 09 napragenie 02 otklonenie ot srednego ",
			"enabled": false,
			"state": 0,
			"num": 266,
			"signal_type": 3,
			"treshold_control": {
				"enabled": true,
				"max_val": 0.0,
				"min_val": 0.0
			},
			"value": null,
			"unit_name": "В"
		},
		{
			"id": 9505,
			"name": "Modul 09 napragenie 03 otklonenie ot srednego ",
			"enabled": false,
			"state": 0,
			"num": 267,
			"signal_type": 3,
			"treshold_control": {
				"enabled": true,
				"max_val": 0.0,
				"min_val": 0.0
			},
			"value": null,
			"unit_name": "В"
		},
		{
			"id": 9506,
			"name": "Modul 09 napragenie 04 otklonenie ot srednego ",
			"enabled": false,
			"state": 0,
			"num": 268,
			"signal_type": 3,
			"treshold_control": {
				"enabled": true,
				"max_val": 0.0,
				"min_val": 0.0
			},
			"value": null,
			"unit_name": "В"
		},
		{
			"id": 9507,
			"name": "Modul 09 napragenie 05 otklonenie ot srednego ",
			"enabled": false,
			"state": 0,
			"num": 269,
			"signal_type": 3,
			"treshold_control": {
				"enabled": true,
				"max_val": 0.0,
				"min_val": 0.0
			},
			"value": null,
			"unit_name": "В"
		},
		{
			"id": 9508,
			"name": "Modul 09 temperatura 01 otklonenie ot srednego ",
			"enabled": false,
			"state": 0,
			"num": 270,
			"signal_type": 4,
			"treshold_control": {
				"enabled": true,
				"max_val": 0.0,
				"min_val": 0.0
			},
			"value": null,
			"unit_name": "С"
		},
		{
			"id": 9509,
			"name": "Modul 09 temperatura 02 otklonenie ot srednego ",
			"enabled": false,
			"state": 0,
			"num": 271,
			"signal_type": 4,
			"treshold_control": {
				"enabled": true,
				"max_val": 0.0,
				"min_val": 0.0
			},
			"value": null,
			"unit_name": "С"
		},
		{
			"id": 9510,
			"name": "Modul 09 temperatura 03 otklonenie ot srednego ",
			"enabled": false,
			"state": 0,
			"num": 272,
			"signal_type": 4,
			"treshold_control": {
				"enabled": true,
				"max_val": 0.0,
				"min_val": 0.0
			},
			"value": null,
			"unit_name": "С"
		},
		{
			"id": 9511,
			"name": "Modul 09 temperatura 04 otklonenie ot srednego ",
			"enabled": false,
			"state": 0,
			"num": 273,
			"signal_type": 4,
			"treshold_control": {
				"enabled": true,
				"max_val": 0.0,
				"min_val": 0.0
			},
			"value": null,
			"unit_name": "С"
		},
		{
			"id": 9512,
			"name": "Modul 09 temperatura 05 otklonenie ot srednego ",
			"enabled": false,
			"state": 0,
			"num": 274,
			"signal_type": 4,
			"treshold_control": {
				"enabled": true,
				"max_val": 0.0,
				"min_val": 0.0
			},
			"value": null,
			"unit_name": "С"
		},
		{
			"id": 9513,
			"name": "Modul 10 napragenie 01 otklonenie ot srednego ",
			"enabled": false,
			"state": 0,
			"num": 276,
			"signal_type": 3,
			"treshold_control": {
				"enabled": true,
				"max_val": 0.0,
				"min_val": 0.0
			},
			"value": null,
			"unit_name": "В"
		},
		{
			"id": 9514,
			"name": "Modul 10 napragenie 02 otklonenie ot srednego ",
			"enabled": false,
			"state": 0,
			"num": 277,
			"signal_type": 3,
			"treshold_control": {
				"enabled": true,
				"max_val": 0.0,
				"min_val": 0.0
			},
			"value": null,
			"unit_name": "В"
		},
		{
			"id": 9515,
			"name": "Modul 10 napragenie 03 otklonenie ot srednego ",
			"enabled": false,
			"state": 0,
			"num": 278,
			"signal_type": 3,
			"treshold_control": {
				"enabled": true,
				"max_val": 0.0,
				"min_val": 0.0
			},
			"value": null,
			"unit_name": "В"
		},
		{
			"id": 9516,
			"name": "Modul 10 napragenie 04 otklonenie ot srednego ",
			"enabled": false,
			"state": 0,
			"num": 279,
			"signal_type": 3,
			"treshold_control": {
				"enabled": true,
				"max_val": 0.0,
				"min_val": 0.0
			},
			"value": null,
			"unit_name": "В"
		},
		{
			"id": 9517,
			"name": "Modul 10 napragenie 05 otklonenie ot srednego ",
			"enabled": false,
			"state": 0,
			"num": 280,
			"signal_type": 3,
			"treshold_control": {
				"enabled": true,
				"max_val": 0.0,
				"min_val": 0.0
			},
			"value": null,
			"unit_name": "В"
		},
		{
			"id": 9518,
			"name": "Modul 10 temperatura 01 otklonenie ot srednego ",
			"enabled": false,
			"state": 0,
			"num": 281,
			"signal_type": 4,
			"treshold_control": {
				"enabled": true,
				"max_val": 0.0,
				"min_val": 0.0
			},
			"value": null,
			"unit_name": "С"
		},
		{
			"id": 9519,
			"name": "Modul 10 temperatura 02 otklonenie ot srednego ",
			"enabled": false,
			"state": 0,
			"num": 282,
			"signal_type": 4,
			"treshold_control": {
				"enabled": true,
				"max_val": 0.0,
				"min_val": 0.0
			},
			"value": null,
			"unit_name": "С"
		},
		{
			"id": 9520,
			"name": "Modul 10 temperatura 03 otklonenie ot srednego ",
			"enabled": false,
			"state": 0,
			"num": 283,
			"signal_type": 4,
			"treshold_control": {
				"enabled": true,
				"max_val": 0.0,
				"min_val": 0.0
			},
			"value": null,
			"unit_name": "С"
		},
		{
			"id": 9521,
			"name": "Modul 10 temperatura 04 otklonenie ot srednego ",
			"enabled": false,
			"state": 0,
			"num": 284,
			"signal_type": 4,
			"treshold_control": {
				"enabled": true,
				"max_val": 0.0,
				"min_val": 0.0
			},
			"value": null,
			"unit_name": "С"
		},
		{
			"id": 9522,
			"name": "Modul 10 temperatura 05 otklonenie ot srednego ",
			"enabled": false,
			"state": 0,
			"num": 285,
			"signal_type": 4,
			"treshold_control": {
				"enabled": true,
				"max_val": 0.0,
				"min_val": 0.0
			},
			"value": null,
			"unit_name": "С"
		}
	],
	"transport_channels": [
		{
			"id": 8,
			"is_main": true,
			"enabled": true,
			"state": 0,
			"object_name": "AB_001 - 040",
			"object_id": 5
		}
	]
}